time,completions,q_len,lat_p50,lat_p95,lat_p99,rho_tau_est,idle_budget,dream_cpu_secs,dream_events,action,reward
1.0,0,0,,,,0.46602929856176384,0.10310524530987553,0.11009336045165169,1,0,-0.010310524530987554
2.0,2,0,0.36652242100685145,0.4950883189677034,0.5065163987864458,0.47632693529252834,0.10718374459182917,0.21613694635641856,2,1,-0.010718374459182917
3.0,3,0,0.22367142327257153,0.4808032191942754,0.5036593788317602,0.4614033011499622,0.10720214017704906,0.32480716426203105,3,0,-0.010720214017704906
4.0,3,1,0.22367142327257153,0.4808032191942754,0.5036593788317602,0.4731265339812525,0.10857293390115458,0.32480716426203105,3,2,-0.010857293390115458
5.0,4,1,0.28076165282987325,0.4836451882880379,0.5042277726505127,0.4706752010380306,0.10775928567422027,0.32480716426203105,3,3,-0.010775928567422028
6.0,4,1,0.28076165282987325,0.4836451882880379,0.5042277726505127,0.489828526901219,0.11010768192206125,0.32480716426203105,3,0,-0.011010768192206125
7.0,4,1,0.28076165282987325,0.4836451882880379,0.5042277726505127,0.46514854072615097,0.10780549160469254,0.32480716426203105,3,0,-0.010780549160469255
8.0,4,2,0.28076165282987325,0.4836451882880379,0.5042277726505127,0.47453861600655256,0.10748893776617013,0.32480716426203105,3,0,-0.010748893776617014
9.0,6,0,0.28076165282987325,0.5101608901920369,0.5103708825789451,0.46419861030209364,0.10298818619870431,0.42886835541226964,4,0,-0.010298818619870432
10.0,6,0,0.28076165282987325,0.5101608901920369,0.5103708825789451,0.4646920036982747,0.10660494193512188,0.5365012477551331,5,0,-0.010660494193512188
11.0,6,0,0.28076165282987325,0.5101608901920369,0.5103708825789451,0.45449867514618636,0.10551872590866435,0.641933889766507,6,0,-0.010551872590866436
12.0,6,0,0.28076165282987325,0.5101608901920369,0.5103708825789451,0.4499811381076325,0.10655309984037875,0.7486340265329758,7,0,-0.010655309984037875
13.0,6,0,0.28076165282987325,0.5101608901920369,0.5103708825789451,0.45678374901950136,0.10756875060116039,0.8565107713595937,8,3,-0.01075687506011604
14.0,7,1,0.337851882387175,0.6662567858464983,0.7196853819050674,0.4785505439859159,0.10654565971208621,0.8565107713595937,8,0,-0.010654565971208622
15.0,8,0,0.28076165282987325,0.6551258283342964,0.7174591904026271,0.4467140752047648,0.1057148536272367,0.9661473913977676,9,0,-0.01057148536272367
16.0,8,0,0.28076165282987325,0.6551258283342964,0.7174591904026271,0.46789883102383745,0.10718058636364983,1.072880085097337,10,0,-0.010718058636364984
17.0,9,0,0.22367142327257153,0.6439948708220946,0.7152329989001867,0.4630362486627771,0.10662691388779258,1.1816202934337845,11,0,-0.010662691388779259
18.0,9,1,0.22367142327257153,0.6439948708220946,0.7152329989001867,0.46684812280817095,0.10617138579826545,1.1816202934337845,11,0,-0.010617138579826546
19.0,10,0,0.28076165282987325,0.8264688292941375,0.8876205882301268,0.45693072026725584,0.10579950381134405,1.2787117654696605,12,2,-0.010579950381134406
20.0,10,0,0.28076165282987325,0.8264688292941375,0.8876205882301268,0.477173040841748,0.10629246308847279,1.38577724964568,13,0,-0.01062924630884728
21.0,11,0,0.337851882387175,0.8179755294419169,0.8859219282596826,0.4628008648821941,0.10527201086115759,1.4948798750404293,14,0,-0.01052720108611576
22.0,11,0,0.337851882387175,0.8179755294419169,0.8859219282596826,0.4777735876857604,0.10907234047815728,1.604370215915336,15,0,-0.010907234047815729
23.0,11,0,0.337851882387175,0.8179755294419169,0.8859219282596826,0.47695502625670894,0.1061778094634779,1.7101065477563693,16,0,-0.010617780946347792
24.0,11,0,0.337851882387175,0.8179755294419169,0.8859219282596826,0.4458530628371674,0.10519027491920672,1.8160464054535264,17,0,-0.010519027491920673
25.0,11,0,0.337851882387175,0.8179755294419169,0.8859219282596826,0.4617517083692235,0.10755910276320574,1.9243873349542986,18,0,-0.010755910276320575
26.0,11,3,0.337851882387175,0.8179755294419169,0.8859219282596826,0.4664569093145995,0.10651282973346524,1.9243873349542986,18,0,-0.010651282973346525
27.0,14,0,0.3707519503162948,0.7924956298852547,0.88082594834835,0.4820610623044378,0.10483880384999089,1.9977879446132276,19,0,-0.01048388038499909
28.0,14,1,0.3707519503162948,0.7924956298852547,0.88082594834835,0.46883987060772014,0.1069884610910084,1.9977879446132276,19,0,-0.010698846109100841
29.0,15,1,0.3936584170305346,0.7840023300330339,0.8791272883779059,0.47754981386351847,0.10789684071887327,1.9977879446132276,19,0,-0.010789684071887328
30.0,15,1,0.3936584170305346,0.7840023300330339,0.8791272883779059,0.45661512531271115,0.10614885638570669,1.9977879446132276,19,0,-0.01061488563857067
31.0,15,4,0.3936584170305346,0.7840023300330339,0.8791272883779059,0.46519726638974623,0.10914738778233013,1.9977879446132276,19,0,-0.010914738778233013
32.0,16,3,0.3986552176379746,0.7755090301808133,0.8774286284074618,0.4612159416324937,0.1081135551892528,1.9977879446132276,19,0,-0.01081135551892528
33.0,16,5,0.3986552176379746,0.7755090301808133,0.8774286284074618,0.444651959727936,0.10719957321524512,1.9977879446132276,19,0,-0.010719957321524512
34.0,18,3,0.3986552176379746,0.8368462985632281,0.8896960820839447,0.45371287337360733,0.1061794962787608,1.9977879446132276,19,0,-0.01061794962787608
35.0,20,3,0.3986552176379746,0.8496763620795137,0.8922620947872019,0.47270929560381736,0.10734476170648165,1.9977879446132276,19,0,-0.010734476170648165
36.0,21,2,0.3936584170305346,0.8468746691382184,0.891701756198943,0.4549092208260893,0.10661004492093001,1.9977879446132276,19,0,-0.010661004492093002
37.0,22,1,0.3657551497088548,0.8457903485853433,0.8911414176106838,0.4658523517906257,0.10404853174851113,1.9977879446132276,19,0,-0.010404853174851113
38.0,23,0,0.337851882387175,0.8447060280324683,0.8905810790224249,0.46959178293243736,0.10932911392742786,2.1052104771902345,20,0,-0.010932911392742786
39.0,23,0,0.337851882387175,0.8447060280324683,0.8905810790224249,0.46861849669341377,0.10936669463708584,2.2104495079080917,21,0,-0.010936669463708585
40.0,23,0,0.337851882387175,0.8447060280324683,0.8905810790224249,0.46106908716489886,0.10459235970017036,2.318900392383099,22,0,-0.010459235970017036
41.0,23,0,0.337851882387175,0.8447060280324683,0.8905810790224249,0.4570785500342913,0.10564572250589098,2.4265510547679354,23,0,-0.0105645722505891
42.0,23,0,0.337851882387175,0.8447060280324683,0.8905810790224249,0.4535872699800797,0.10556539509442107,2.534515910224229,24,0,-0.010556539509442108
43.0,23,0,0.337851882387175,0.8447060280324683,0.8905810790224249,0.4667084622984226,0.10557920265552577,2.6420462584203976,25,0,-0.010557920265552578
44.0,24,0,0.3657551497088548,0.8436217074795932,0.8900207404341657,0.46412895749156335,0.10498758313174164,2.747334858649021,26,0,-0.010498758313174164
45.0,24,0,0.3657551497088548,0.8436217074795932,0.8900207404341657,0.4452610302336079,0.10328900520118148,2.851300313444534,27,0,-0.010328900520118148
46.0,24,1,0.3657551497088548,0.8436217074795932,0.8900207404341657,0.466582247180067,0.10540025009612851,2.851300313444534,27,0,-0.010540025009612852
47.0,25,0,0.337851882387175,0.8425373869267181,0.8894604018459066,0.4631265588624385,0.10649570392838044,2.9595451826315204,28,1,-0.010649570392838044
48.0,26,0,0.3485127135942983,0.8414530663738431,0.8889000632576476,0.462261942471731,0.10767526190935073,3.0663567688565934,29,0,-0.010767526190935073
49.0,27,0,0.3591735448014216,0.840368745820968,0.8883397246693885,0.4761827039478369,0.1084233839072602,3.175142686719956,30,0,-0.010842338390726021
50.0,27,0,0.3591735448014216,0.840368745820968,0.8883397246693885,0.4652145176739173,0.10550297437462981,3.281693042154105,31,0,-0.010550297437462983
51.0,27,0,0.3591735448014216,0.840368745820968,0.8883397246693885,0.4470169735492649,0.10754356340327514,3.3894851957900056,32,3,-0.010754356340327516
52.0,27,1,0.3591735448014216,0.840368745820968,0.8883397246693885,0.4755180641545368,0.10479538785346594,3.3894851957900056,32,0,-0.010479538785346595
53.0,28,2,0.3764159809159781,0.839284425268093,0.8877793860811295,0.4714900078302862,0.10639018687435153,3.3894851957900056,32,0,-0.010639018687435154
54.0,29,1,0.3936584170305346,0.8382001047152179,0.8872190474928704,0.4729713901206754,0.10411163755767838,3.3894851957900056,32,0,-0.010411163755767838
55.0,31,0,0.3936584170305346,0.8360314636094678,0.8860983703163523,0.465530569165014,0.10807942639306052,3.4449152931557956,33,0,-0.010807942639306053
56.0,32,1,0.3986552176379746,0.8515481071154691,0.8887575112235327,0.4687216080410339,0.10751996588737947,3.4449152931557956,33,0,-0.010751996588737947
57.0,34,0,0.3986552176379746,0.8505095653427468,0.8878445424015591,0.4480874052944998,0.10763579329074985,3.551320529733017,34,2,-0.010763579329074985
58.0,35,0,0.3936584170305346,0.8499902944563855,0.8873880579905721,0.4642911698681083,0.10571001815941901,3.658827832041653,35,0,-0.0105710018159419
59.0,35,0,0.3936584170305346,0.8499902944563855,0.8873880579905721,0.4751207879159889,0.10830236714503041,3.7657655981122162,36,1,-0.010830236714503042
60.0,35,0,0.3936584170305346,0.8499902944563855,0.8873880579905721,0.46298566211748515,0.10760785514464866,3.8714229230736255,37,0,-0.010760785514464867
61.0,35,0,0.3936584170305346,0.8499902944563855,0.8873880579905721,0.46646012513165386,0.10876597760360501,3.9805507355584973,38,0,-0.010876597760360502
62.0,35,0,0.3936584170305346,0.8499902944563855,0.8873880579905721,0.46397801554333545,0.10617015013613003,4.085061266640654,39,0,-0.010617015013613004
63.0,35,1,0.3936584170305346,0.8499902944563855,0.8873880579905721,0.45927966948291843,0.10886284909270567,4.085061266640654,39,0,-0.010886284909270568
64.0,36,1,0.3764159809159781,0.8494710235700244,0.8869315735795854,0.47210351357743313,0.10508751726237749,4.085061266640654,39,0,-0.010508751726237749
65.0,37,0,0.3936584170305346,0.8489517526836632,0.8864750891685986,0.4642380900192308,0.10970072326360891,4.189143776060559,40,0,-0.010970072326360892
66.0,37,0,0.3936584170305346,0.8489517526836632,0.8864750891685986,0.45464192570935735,0.10837654147071013,4.297291676684477,41,0,-0.010837654147071014
67.0,38,0,0.3764159809159781,0.848432481797302,0.8860186047576118,0.4539326487870078,0.10852998331512642,4.404259545587084,42,0,-0.010852998331512643
68.0,38,0,0.3764159809159781,0.848432481797302,0.8860186047576118,0.47401751598602354,0.10791685188414289,4.513709955954129,43,0,-0.01079168518841429
69.0,38,0,0.3764159809159781,0.848432481797302,0.8860186047576118,0.4707556714115539,0.10585605801417422,4.621054211378057,44,0,-0.010585605801417423
70.0,40,1,0.3764159809159781,0.8473939400245796,0.8851056359356382,0.4722816479479656,0.1080666549550279,4.621054211378057,44,0,-0.010806665495502792
71.0,41,1,0.3936584170305346,0.8572600868654423,0.9348545257423443,0.47481910720117143,0.10387676385930972,4.621054211378057,44,0,-0.010387676385930973
72.0,41,1,0.3936584170305346,0.8572600868654423,0.9348545257423443,0.4657157557694755,0.10763305690742331,4.621054211378057,44,0,-0.010763305690742332
73.0,43,0,0.3712902373835987,0.8562215450927199,0.9337896591497368,0.4604237801553436,0.10589435525476426,4.728339099166735,45,0,-0.010589435525476427
74.0,43,0,0.3712902373835987,0.8562215450927199,0.9337896591497368,0.4644991597127464,0.1081184619769108,4.832508695014205,46,0,-0.01081184619769108
75.0,43,1,0.3712902373835987,0.8562215450927199,0.9337896591497368,0.46364416165361944,0.10702103024550765,4.832508695014205,46,0,-0.010702103024550765
76.0,44,2,0.38247432720706664,0.8557022742063587,0.9332572258534333,0.47611565848874493,0.1063466012372601,4.832508695014205,46,0,-0.010634660123726011
77.0,46,1,0.36523189109251014,0.8546637324336364,0.9321923592608258,0.4637048539667482,0.10530082781509256,4.832508695014205,46,0,-0.010530082781509256
78.0,47,0,0.3712902373835987,0.8570256910462826,0.9316599259645222,0.46200962631582104,0.10589281032298725,4.939550458651619,47,0,-0.010589281032298725
79.0,48,0,0.36523189109251014,0.8569866250764226,0.9311274926682186,0.461752143261206,0.10629945205273611,5.046704141716487,48,0,-0.010629945205273612
80.0,50,0,0.38247432720706664,0.8569084931367027,0.9300626260756111,0.458347525649217,0.1083327193604927,5.048677758603549,49,0,-0.010833271936049271
81.0,50,0,0.38247432720706664,0.8569084931367027,0.9300626260756111,0.459978968218967,0.10615749284534395,5.1562967442182375,50,0,-0.010615749284534397
82.0,51,0,0.3760648894005704,0.8568694271668428,0.9295301927793076,0.46292240275581165,0.10665130577720922,5.266895364701701,51,0,-0.010665130577720922
83.0,52,0,0.38486165321555255,0.8568303611969829,0.928997759483004,0.4646501645268073,0.1047084192080674,5.374872819288763,52,0,-0.01047084192080674
84.0,52,0,0.38486165321555255,0.8568303611969829,0.928997759483004,0.45489847781663895,0.10697240797482199,5.485694896287771,53,0,-0.0106972407974822
85.0,52,0,0.38486165321555255,0.8568303611969829,0.928997759483004,0.47060005902342616,0.10793104735426325,5.5904931316866655,54,0,-0.010793104735426325
86.0,53,0,0.3936584170305346,0.8567912952271228,0.9284653261867001,0.45223769754164356,0.10841714270220976,5.69678108266878,55,0,-0.010841714270220976
87.0,53,1,0.3936584170305346,0.8567912952271228,0.9284653261867001,0.46469268909115385,0.10372265745589633,5.69678108266878,55,0,-0.010372265745589634
88.0,54,0,0.39598247735385345,0.8567522292572629,0.9279328928903965,0.45716939160262693,0.10631227693980848,5.802694189482129,56,0,-0.010631227693980849
89.0,55,0,0.3983065376771723,0.856713163287403,0.9274004595940929,0.45623937857041436,0.10664485537623797,5.90842022961619,57,0,-0.010664485537623798
90.0,55,0,0.3983065376771723,0.856713163287403,0.9274004595940929,0.4588018393860649,0.10313531034227075,6.0139251118582155,58,0,-0.010313531034227075
91.0,55,0,0.3983065376771723,0.856713163287403,0.9274004595940929,0.4662204027482676,0.10817306580744922,6.120247296538127,59,0,-0.010817306580744923
92.0,56,0,0.4009792779612935,0.8686721971401128,0.9416140591265948,0.45581520200557446,0.10694521692217439,6.190527799794356,60,0,-0.01069452169221744
93.0,56,0,0.4009792779612935,0.8686721971401128,0.9416140591265948,0.4751220981238561,0.10756477386145705,6.29693401531953,61,0,-0.010756477386145706
94.0,56,0,0.4009792779612935,0.8686721971401128,0.9416140591265948,0.4782620963449157,0.1112653301155918,6.404755728499497,62,0,-0.01112653301155918
95.0,56,0,0.4009792779612935,0.8686721971401128,0.9416140591265948,0.46619281135203217,0.10407908818455486,6.50945009683914,63,0,-0.010407908818455486
96.0,56,0,0.4009792779612935,0.8686721971401128,0.9416140591265948,0.46116047194290766,0.10586576447604162,6.616538982554472,64,0,-0.010586576447604162
97.0,57,0,0.3983065376771723,0.8663897750851784,0.9413497355180875,0.4699780179985182,0.10589171749633915,6.72025484058104,65,0,-0.010589171749633915
98.0,57,0,0.3983065376771723,0.8663897750851784,0.9413497355180875,0.46510332142147676,0.10835182504345064,6.825552409784342,66,0,-0.010835182504345064
99.0,57,0,0.3983065376771723,0.8663897750851784,0.9413497355180875,0.46619022459627524,0.10680149318808835,6.9341296986524,67,0,-0.010680149318808835
100.0,57,2,0.3983065376771723,0.8663897750851784,0.9413497355180875,0.4645207597130796,0.10610172623853412,6.9341296986524,67,0,-0.010610172623853413
101.0,58,1,0.4009792779612935,0.8931798277102425,0.9410854119095804,0.46863311455764745,0.10768907398008093,6.9341296986524,67,0,-0.010768907398008093
102.0,58,2,0.4009792779612935,0.8931798277102425,0.9410854119095804,0.4506294812820949,0.10631370049814073,6.9341296986524,67,0,-0.010631370049814074
103.0,59,1,0.3983065376771723,0.89260755122472,0.9408210883010732,0.45074416248540977,0.10720735112661567,6.9341296986524,67,0,-0.010720735112661568
104.0,59,1,0.3983065376771723,0.89260755122472,0.9408210883010732,0.4589619505019345,0.1095275763298883,6.9341296986524,67,3,-0.01095275763298883
105.0,60,1,0.4009792779612935,0.8920352747391976,0.9405567646925659,0.45861547969230526,0.10780580529091394,6.9341296986524,67,0,-0.010780580529091394
106.0,60,1,0.4009792779612935,0.8920352747391976,0.9405567646925659,0.46217865182042417,0.10853069085507681,6.9341296986524,67,0,-0.010853069085507682
107.0,60,1,0.4009792779612935,0.8920352747391976,0.9405567646925659,0.4395705806085511,0.10574849191663918,6.9341296986524,67,3,-0.010574849191663918
108.0,61,0,0.3983065376771723,0.8914629982536753,0.9402924410840587,0.4713517654002283,0.10352756682407978,7.044387709981642,68,2,-0.010352756682407979
109.0,62,0,0.4009792779612935,0.8897528526842634,0.9400281174755516,0.4528835466579564,0.10675423761419323,7.1520628598520855,69,2,-0.010675423761419323
110.0,62,0,0.4009792779612935,0.8897528526842634,0.9400281174755516,0.4688138453809149,0.10852485512784023,7.261969981761365,70,2,-0.010852485512784024
111.0,62,0,0.4009792779612935,0.8897528526842634,0.9400281174755516,0.469460259164322,0.11085059140566433,7.367415106561087,71,0,-0.011085059140566435
112.0,63,0,0.4036520182454147,0.8880427071148519,0.9397637938670445,0.45975298613975124,0.10473154691780202,7.474733485270753,72,1,-0.010473154691780203
113.0,63,1,0.4036520182454147,0.8880427071148519,0.9397637938670445,0.46460516183425815,0.1056375447082745,7.474733485270753,72,3,-0.01056375447082745
114.0,64,0,0.4009792779612935,0.8863325615454402,0.9394994702585371,0.4750568194478611,0.10599128002895403,7.580384635494178,73,1,-0.010599128002895404
115.0,65,1,0.3983065376771723,0.8846224159760285,0.9392351466500299,0.4690271092290517,0.10587483498774214,7.580384635494178,73,1,-0.010587483498774215
116.0,66,1,0.39598247735385345,0.882912270406617,0.9389708230415226,0.47091540243925145,0.1029935386162812,7.580384635494178,73,1,-0.01029935386162812
117.0,68,0,0.39598247735385345,0.8794919792677937,0.9384421758245083,0.46238820722789925,0.10691173521886843,7.68671041820203,74,1,-0.010691173521886844
118.0,68,0,0.39598247735385345,0.8794919792677937,0.9384421758245083,0.465649470179557,0.10858085694248992,7.792037926740998,75,1,-0.010858085694248993
119.0,68,2,0.39598247735385345,0.8794919792677937,0.9384421758245083,0.4678993007845604,0.10629986854175338,7.792037926740998,75,1,-0.010629986854175339
120.0,70,0,0.39598247735385345,0.8760716881289703,0.937913528607494,0.46384500094984343,0.1080541429213585,7.883641580977196,76,1,-0.01080541429213585
121.0,70,0,0.39598247735385345,0.8760716881289703,0.937913528607494,0.46940950570668294,0.10387726132605578,7.989641735514933,77,1,-0.01038772613260558
122.0,70,2,0.39598247735385345,0.8760716881289703,0.937913528607494,0.4667325419097409,0.10606215940836178,7.989641735514933,77,1,-0.010606215940836178
123.0,72,0,0.39598247735385345,0.8726513969901473,0.9373848813904796,0.46592463953861496,0.10618703723317668,8.096879982746879,78,1,-0.01061870372331767
124.0,72,2,0.39598247735385345,0.8726513969901473,0.9373848813904796,0.4575230938067555,0.10700378913673723,8.096879982746879,78,1,-0.010700378913673723
125.0,73,1,0.3983065376771723,0.8709412514207352,0.9371205577819723,0.4718833581656272,0.10467825354572807,8.096879982746879,78,1,-0.010467825354572809
126.0,73,1,0.3983065376771723,0.8709412514207352,0.9371205577819723,0.47216142898477137,0.10586560918683877,8.096879982746879,78,1,-0.010586560918683877
127.0,74,1,0.3997790720241065,0.8692311058513237,0.936856234173465,0.46196457499415544,0.10540549365727397,8.096879982746879,78,1,-0.010540549365727398
128.0,74,2,0.3997790720241065,0.8692311058513237,0.936856234173465,0.4697681651747362,0.10768275305253949,8.096879982746879,78,1,-0.01076827530525395
129.0,75,1,0.3983065376771723,0.8675209602819121,0.936591910564958,0.47727440179105757,0.10494078348441474,8.096879982746879,78,1,-0.010494078348441474
130.0,75,1,0.3983065376771723,0.8675209602819121,0.936591910564958,0.46588643444244104,0.10585327925647162,8.096879982746879,78,1,-0.010585327925647162
131.0,76,2,0.3982324819008765,0.8658108147125005,0.9363275869564507,0.45301560384008965,0.10619372446755869,8.096879982746879,78,1,-0.01061937244675587
132.0,77,1,0.39815842612458074,0.864100669143089,0.9360632633479433,0.4712933678631734,0.10911749988270386,8.096879982746879,78,1,-0.010911749988270388
133.0,78,0,0.3959084215775577,0.862390523573677,0.9357989397394364,0.4635292209289916,0.10510302202440731,8.202862137261985,79,1,-0.010510302202440732
134.0,79,1,0.39815842612458074,0.89260755122472,0.9513251286663931,0.4627765042266659,0.10343877544205134,8.202862137261985,79,1,-0.010343877544205134
135.0,79,1,0.39815842612458074,0.89260755122472,0.9513251286663931,0.4766253413114878,0.10791490535814019,8.202862137261985,79,1,-0.010791490535814019
136.0,80,0,0.3959084215775577,0.8920352747391976,0.9512632475262892,0.4774019097047185,0.10752813562829755,8.310455200744746,80,1,-0.010752813562829755
137.0,80,0,0.3959084215775577,0.8920352747391976,0.9512632475262892,0.4582617886971281,0.10816886646509621,8.418272461595226,81,1,-0.010816886646509621
138.0,80,0,0.3959084215775577,0.8920352747391976,0.9512632475262892,0.46534224674773167,0.10637939804681668,8.525604184594833,82,1,-0.010637939804681668
139.0,80,1,0.3959084215775577,0.8920352747391976,0.9512632475262892,0.45906967772520135,0.10188271812104771,8.525604184594833,82,1,-0.010188271812104771
140.0,80,1,0.3959084215775577,0.8920352747391976,0.9512632475262892,0.4786827476845853,0.10544519619189384,8.525604184594833,82,2,-0.010544519619189384
141.0,82,0,0.3959084215775577,0.8908098893480549,0.9511394852460816,0.45003969808927013,0.10643484729651874,8.542424757782932,83,1,-0.010643484729651875
142.0,82,3,0.3959084215775577,0.8908098893480549,0.9511394852460816,0.4487705186925117,0.1097966955869719,8.542424757782932,83,1,-0.01097966955869719
143.0,83,3,0.3936584170305346,0.8901567804424344,0.9510776041059777,0.46403680850953505,0.10561200293347955,8.542424757782932,83,3,-0.010561200293347957
144.0,85,2,0.38994064847804855,0.8888505626311938,0.9509538418257701,0.4714835839136172,0.10420507234734494,8.542424757782932,83,1,-0.010420507234734495
145.0,88,0,0.37807281527619974,0.8868912359143326,0.9507681984054587,0.4625849081810902,0.10671547384867247,8.65046640820269,84,1,-0.010671547384867247
146.0,88,0,0.37807281527619974,0.8868912359143326,0.9507681984054587,0.47111500480166113,0.10677452121611633,8.757286988921681,85,1,-0.010677452121611634
147.0,88,0,0.37807281527619974,0.8868912359143326,0.9507681984054587,0.4657615508939374,0.10694222498470754,8.864961638161605,86,1,-0.010694222498470754
148.0,88,0,0.37807281527619974,0.8868912359143326,0.9507681984054587,0.4799235237111598,0.1075288420343926,8.971844430488922,87,1,-0.010752884203439261
149.0,88,0,0.37807281527619974,0.8868912359143326,0.9507681984054587,0.48269038898063715,0.10546761234143937,9.078310214843464,88,1,-0.010546761234143937
150.0,89,0,0.38008074115182905,0.8862381270087123,0.9507063172653549,0.4497907499158123,0.105361517012458,9.185995424193703,89,1,-0.0105361517012458
151.0,89,0,0.38008074115182905,0.8862381270087123,0.9507063172653549,0.4739220860383191,0.10697613582599469,9.29339674989845,90,2,-0.01069761358259947
152.0,91,0,0.3760648894005704,0.8849319091974717,0.9505825549851472,0.462474534843014,0.1059096145712216,9.398818445315861,91,1,-0.01059096145712216
153.0,92,0,0.3736775633920846,0.8842788002918514,0.9505206738450435,0.4468241575302147,0.10716021726920438,9.504830359898612,92,1,-0.01071602172692044
154.0,92,0,0.3736775633920846,0.8842788002918514,0.9505206738450435,0.47272301113643866,0.10795681009808021,9.610230946607626,93,1,-0.010795681009808022
155.0,92,0,0.3736775633920846,0.8842788002918514,0.9505206738450435,0.463546348022038,0.10836277697979534,9.717212488810265,94,1,-0.010836277697979534
156.0,93,0,0.3760648894005704,0.8836256913862308,0.9504587927049396,0.45706031899982424,0.1077535408815201,9.822177945564269,95,1,-0.010775354088152011
157.0,94,1,0.3736775633920846,0.8829725824806105,0.9503969115648357,0.455492816115756,0.10704378949909872,9.822177945564269,95,1,-0.010704378949909873
158.0,96,0,0.36523189109251014,0.8816663646693699,0.9502731492846281,0.45357530298570775,0.10723167671173793,9.9294735346036,96,1,-0.010723167671173794
159.0,96,0,0.36523189109251014,0.8816663646693699,0.9502731492846281,0.4684948252735931,0.10595249048559459,10.037146823426042,97,1,-0.01059524904855946
160.0,96,0,0.36523189109251014,0.8816663646693699,0.9502731492846281,0.4699802189322899,0.10477402030123167,10.142852759407631,98,1,-0.010477402030123168
161.0,96,0,0.36523189109251014,0.8816663646693699,0.9502731492846281,0.48610357247226543,0.10684605635248645,10.251034309149215,99,1,-0.010684605635248645
162.0,96,0,0.36523189109251014,0.8816663646693699,0.9502731492846281,0.4514637120668272,0.10635922979285391,10.355701282752715,100,1,-0.010635922979285391
163.0,96,0,0.36523189109251014,0.8816663646693699,0.9502731492846281,0.4640222213811026,0.10509847565925384,10.460059521785414,101,1,-0.010509847565925386
164.0,96,0,0.36523189109251014,0.8816663646693699,0.9502731492846281,0.46074124508599756,0.10774296113372857,10.564878279229175,102,1,-0.010774296113372857
165.0,96,0,0.36523189109251014,0.8816663646693699,0.9502731492846281,0.4630794992401832,0.10471937346688823,10.670490888813513,103,1,-0.010471937346688824
166.0,96,0,0.36523189109251014,0.8816663646693699,0.9502731492846281,0.4565520594779959,0.10627953783269045,10.776970542454599,104,1,-0.010627953783269046
167.0,96,0,0.36523189109251014,0.8816663646693699,0.9502731492846281,0.4585020348665849,0.10803554758458529,10.881624838787717,105,1,-0.01080355475845853
168.0,96,2,0.36523189109251014,0.8816663646693699,0.9502731492846281,0.4536324217413465,0.10702338694172112,10.881624838787717,105,1,-0.010702338694172113
169.0,97,2,0.3591735448014216,0.8810132557637493,0.9502112681445243,0.461464295894368,0.10906674677183215,10.881624838787717,105,1,-0.010906674677183216
170.0,97,4,0.3591735448014216,0.8810132557637493,0.9502112681445243,0.46951508669588293,0.1073849389136568,10.881624838787717,105,1,-0.010738493891365681
171.0,98,4,0.36523189109251014,0.880360146858129,0.9501493870044205,0.4473693885164357,0.10364621055489663,10.881624838787717,105,1,-0.010364621055489664
172.0,98,4,0.36523189109251014,0.880360146858129,0.9501493870044205,0.4671627471255194,0.10896040862410446,10.881624838787717,105,1,-0.010896040862410446
173.0,100,2,0.36523189109251014,0.8790539290468884,0.9500256247242129,0.46391288621998533,0.10905373784079929,10.881624838787717,105,1,-0.010905373784079929
174.0,101,2,0.3591735448014216,0.8784008201412681,0.9499637435841091,0.45353039833772724,0.1087374448985019,10.881624838787717,105,1,-0.010873744489850191
175.0,102,1,0.36523189109251014,0.8781902201288885,0.9497613011157056,0.4628051717303051,0.10641039267913868,10.881624838787717,105,1,-0.01064103926791387
176.0,103,1,0.3591735448014216,0.877979620116509,0.9495588586473024,0.4719596596517089,0.10545381080518168,10.881624838787717,105,1,-0.010545381080518168
177.0,104,1,0.3552141302013086,0.8777690201041295,0.9493564161788989,0.4622089370481384,0.10574390905016039,10.881624838787717,105,1,-0.010574390905016039
178.0,104,1,0.3552141302013086,0.8777690201041295,0.9493564161788989,0.4733518969067286,0.10920602613571306,10.881624838787717,105,1,-0.010920602613571306
179.0,105,1,0.3512547156011956,0.87755842009175,0.9491539737104954,0.4677855376809029,0.10783847705021801,10.881624838787717,105,1,-0.010783847705021802
180.0,106,0,0.3466149426680867,0.8773478200793705,0.9489515312420922,0.45816089427380824,0.11032838156374913,10.985607016134239,106,1,-0.011032838156374914
181.0,106,0,0.3466149426680867,0.8773478200793705,0.9489515312420922,0.46270669388236146,0.10515885148674856,11.093016815731973,107,1,-0.010515885148674856
182.0,106,0,0.3466149426680867,0.8773478200793705,0.9489515312420922,0.46890151265577806,0.10761819876013085,11.201620082115026,108,1,-0.010761819876013086
183.0,107,0,0.34197516973497777,0.877137220066991,0.9487490887736887,0.45475018049637483,0.10726167042107063,11.310485367326113,109,1,-0.010726167042107063
184.0,108,0,0.3399550426409227,0.8769266200546115,0.9485466463052852,0.4783345095821186,0.10614934367153395,11.418665727288221,110,1,-0.010614934367153396
185.0,109,0,0.34197516973497777,0.8815140300801179,0.948344203836882,0.47191704781481536,0.10682581744348903,11.52653691735817,111,2,-0.010682581744348904
186.0,109,0,0.34197516973497777,0.8815140300801179,0.948344203836882,0.460438974592017,0.10650035321917356,11.630561972976745,112,1,-0.010650035321917356
187.0,110,0,0.3466149426680867,0.881254595918547,0.9481417613684785,0.46624644254411407,0.10751044125984364,11.736160851850816,113,3,-0.010751044125984365
188.0,111,0,0.34197516973497777,0.8809951617569762,0.9479393189000753,0.4649093296410345,0.10701940025153474,11.84412153156944,114,1,-0.010701940025153475
189.0,111,0,0.34197516973497777,0.8809951617569762,0.9479393189000753,0.4636957205232793,0.10740990950644158,11.951209928294446,115,1,-0.01074099095064416
190.0,111,0,0.34197516973497777,0.8809951617569762,0.9479393189000753,0.462207648819594,0.10595242569034694,12.056905581244704,116,1,-0.010595242569034694
191.0,111,0,0.34197516973497777,0.8809951617569762,0.9479393189000753,0.47598387192280683,0.10233590773145865,12.164669751372827,117,1,-0.010233590773145866
192.0,111,0,0.34197516973497777,0.8809951617569762,0.9479393189000753,0.46530242865753363,0.1108193339095665,12.27122620657788,118,1,-0.011081933390956651
193.0,111,0,0.34197516973497777,0.8809951617569762,0.9479393189000753,0.47294753237644904,0.10828732860735464,12.379717062135208,119,1,-0.010828732860735464
194.0,111,0,0.34197516973497777,0.8809951617569762,0.9479393189000753,0.4623743957433037,0.10703117093976103,12.488507861143809,120,1,-0.010703117093976103
195.0,111,1,0.34197516973497777,0.8809951617569762,0.9479393189000753,0.4694760094553727,0.10489310136435225,12.488507861143809,120,1,-0.010489310136435226
196.0,112,0,0.3399550426409227,0.8807357275954054,0.9477368764316718,0.4595593697326428,0.10449669896483452,12.59640631906463,121,1,-0.010449669896483452
197.0,112,0,0.3399550426409227,0.8807357275954054,0.9477368764316718,0.4580726007198602,0.10702088678048094,12.704221057385958,122,1,-0.010702088678048095
198.0,112,0,0.3399550426409227,0.8807357275954054,0.9477368764316718,0.4638759994213105,0.10846474161569855,12.813378759556844,123,2,-0.010846474161569856
199.0,112,1,0.3399550426409227,0.8807357275954054,0.9477368764316718,0.4524744506227471,0.10550870293549588,12.813378759556844,123,1,-0.01055087029354959
200.0,113,0,0.34197516973497777,0.8804762934338346,0.9475344339632683,0.46481229624231035,0.10821710768105808,12.921986629972816,124,1,-0.010821710768105808
